,val_loss,val_accuracy,loss,accuracy
0,0.030360033926610214,0.0,0.04008597638980701,0.0
1,0.034324462278523114,0.0,0.015028808817565692,0.0
